Name,National_Count,NYC_Count,NYC % of National
Aahil,182,14,7.692%
Aaliyah,20686,251,1.213%
Aarav,1897,17,0.896%
Aaron,29803,621,2.084%
Aarya,648,10,1.543%
Aayan,384,13,3.385%
Abby,3827,42,1.097%
Abdoul,77,11,14.286%
Abdoulaye,137,18,13.139%
Abdul,447,20,4.474%
Abdullah,1380,62,4.493%
Abel,8243,26,0.315%
Abigail,50299,390,0.775%
Abraham,8460,228,2.695%
Abrielle,1102,11,0.998%
Abril,1254,10,0.797%
Ada,2773,33,1.190%
Adam,21042,499,2.371%
Adan,3485,20,0.574%
Addison,32745,48,0.147%
Adelaide,3749,31,0.827%
Adele,1827,45,2.463%
Adelina,1723,11,0.638%
Adeline,5342,24,0.449%
Adelyn,5576,10,0.179%
Aden,4546,55,1.210%
Adina,494,39,7.895%
Aditya,838,13,1.551%
Adonis,1375,37,2.691%
Adrian,28261,400,1.415%
Adriana,8426,132,1.567%
Adrianna,5954,78,1.310%
Adriel,2630,60,2.281%
Adyan,153,30,19.608%
Aharon,245,19,7.755%
Ahmad,1809,25,1.382%
Ahmed,2023,60,2.966%
Ahnaf,80,22,27.500%
Ahuva,257,18,7.004%
Aicha,191,36,18.848%
Aidan,11984,175,1.460%
Aiden,57510,738,1.283%
Aileen,2258,36,1.594%
Aimee,1418,13,0.917%
Aisha,2000,81,4.050%
Aissata,69,10,14.493%
Aissatou,131,27,20.611%
Aiza,373,19,5.094%
Akiva,340,52,15.294%
Alan,9749,214,2.195%
Alana,6888,49,0.711%
Alani,1853,12,0.648%
Alanis,513,37,7.212%
Alanna,2376,12,0.505%
Albert,2827,94,3.325%
Alberto,2390,26,1.088%
Alec,2500,11,0.440%
Aleena,2300,43,1.870%
Alejandra,3155,17,0.539%
Alejandro,10879,126,1.158%
Aleksandra,418,11,2.632%
Alessandra,3850,12,0.312%
Alessia,731,32,4.378%
Alex,15161,241,1.590%
Alexa,17132,218,1.272%
Alexander,61158,340,0.556%
Alexandra,13898,276,1.986%
Alexandria,6183,10,0.162%
Alexia,5463,47,0.860%
Alexis,26191,101,0.386%
Alfred,922,18,1.952%
Alfredo,2144,12,0.560%
Ali,4749,90,1.895%
Alice,10661,145,1.360%
Alicia,4405,31,0.704%
Alina,5375,122,2.270%
Alisa,1029,24,2.332%
Alisha,1257,11,0.875%
Alison,4651,39,0.839%
Alissa,1579,10,0.633%
Alisson,1193,11,0.922%
Aliyah,8590,73,0.850%
Aliza,1191,35,2.939%
Allan,1388,13,0.937%
Allen,3739,50,1.337%
Allison,21772,258,1.185%
Allyson,4490,34,0.757%
Alma,1434,44,3.068%
Alondra,4335,29,0.669%
Alonso,1346,10,0.743%
Alpha,167,27,16.168%
Alston,253,13,5.138%
Alvin,1871,70,3.741%
Alyssa,19080,177,0.928%
Amadou,173,31,17.919%
Amalia,1078,27,2.505%
Amanda,4746,85,1.791%
Amani,2323,10,0.430%
Amara,2135,12,0.562%
Amare,1936,25,1.291%
Amari,6409,63,0.983%
Amaya,5661,112,1.978%
Amber,4619,104,2.252%
Amelia,30363,192,0.632%
Amelie,1739,25,1.438%
Amia,1015,10,0.985%
Amina,1992,82,4.116%
Aminata,306,59,19.281%
Amir,6448,273,4.234%
Amira,2618,65,2.483%
Amirah,1477,22,1.490%
Amiya,1694,10,0.590%
Amiyah,3730,36,0.965%
Amy,8839,219,2.478%
Ana,5623,84,1.494%
Anabel,1095,11,1.005%
Anabella,2080,24,1.154%
Anabelle,2597,10,0.385%
Analia,989,12,1.213%
Ananya,729,10,1.372%
Anastasia,4354,59,1.355%
Anaya,2635,79,2.998%
Anayah,597,10,1.675%
Anderson,4872,65,1.334%
Andrea,11973,43,0.359%
Andres,7591,59,0.777%
Andrew,48585,309,0.636%
Andy,5046,142,2.814%
Angel,32387,453,1.399%
Angela,6663,115,1.726%
Angelica,3149,59,1.874%
Angelina,9462,184,1.945%
Angeline,1350,12,0.889%
Angelique,2949,32,1.085%
Angelo,4398,32,0.728%
Angie,2397,41,1.710%
Anika,2121,13,0.613%
Anisa,561,27,4.813%
Aniya,2593,26,1.003%
Aniyah,6158,45,0.731%
Anna,22256,283,1.272%
Annabella,4429,33,0.745%
Annabelle,13630,102,0.748%
Annalise,2487,12,0.483%
Anne,2137,24,1.123%
Annie,3590,48,1.337%
Annika,2246,10,0.445%
Anson,805,22,2.733%
Anthony,51184,613,1.198%
Anton,822,22,2.676%
Antonia,983,17,1.729%
Antonio,12307,79,0.642%
Anya,2862,25,0.874%
April,3079,24,0.779%
Arabella,5666,16,0.282%
Archer,3456,25,0.723%
Arely,1729,11,0.636%
Arham,230,12,5.217%
Ari,3282,73,2.224%
Aria,16277,214,1.315%
Arian,1586,11,0.694%
Ariana,16885,273,1.617%
Arianna,19626,241,1.228%
Arianny,580,15,2.586%
Ariel,8997,213,2.367%
Ariella,2544,93,3.656%
Arielle,3172,55,1.734%
Arisha,156,10,6.410%
Arjun,2218,40,1.803%
Arlo,1413,16,1.132%
Armaan,656,13,1.982%
Armani,3904,31,0.794%
Aron,1360,78,5.735%
Arthur,3917,58,1.481%
Arvin,262,11,4.198%
Arya,4173,67,1.606%
Aryan,1464,42,2.869%
Arye,53,12,22.642%
Aryeh,381,47,12.336%
Asher,15131,138,0.912%
Ashley,17685,279,1.578%
Ashton,12503,78,0.624%
Asia,1477,12,0.812%
Atara,126,13,10.317%
Athena,5434,72,1.325%
Aubree,15672,43,0.274%
Aubrey,31301,138,0.441%
Audrey,21643,147,0.679%
August,4828,55,1.139%
Aurora,8459,31,0.366%
Austin,27126,255,0.940%
Autumn,15524,87,0.560%
Ava,61857,559,0.904%
Avery,42435,225,0.530%
Avi,842,22,2.613%
Avigail,293,22,7.509%
Avital,103,10,9.709%
Aviva,341,26,7.625%
Avraham,556,103,18.525%
Avrohom,382,58,15.183%
Avrum,92,29,31.522%
Axel,10733,117,1.090%
Ayaan,1590,100,6.289%
Ayala,141,10,7.092%
Ayan,763,41,5.374%
Ayden,24408,315,1.291%
Aydin,1381,11,0.797%
Ayesha,503,48,9.543%
Ayla,4478,18,0.402%
Ayleen,1426,28,1.964%
Aylin,2922,74,2.533%
Azaan,253,10,3.953%
Azaria,1204,10,0.831%
Aziza,196,11,5.612%
Baila,384,92,23.958%
Barbara,1280,10,0.781%
Baruch,184,31,16.848%
Basya,109,12,11.009%
Batsheva,550,62,11.273%
Beatrice,1765,64,3.626%
Beatrix,660,16,2.424%
Beckett,4925,26,0.528%
Bella,16808,177,1.053%
Ben,1281,39,3.044%
Benjamin,53036,402,0.758%
Bennett,8292,34,0.410%
Benson,1716,35,2.040%
Benzion,97,20,20.619%
Berish,33,10,30.303%
Berl,35,12,34.286%
Bianca,4098,44,1.074%
Binyamin,132,11,8.333%
Binyomin,148,21,14.189%
Blake,23931,90,0.376%
Blessing,629,11,1.749%
Blima,173,25,14.451%
Blimy,135,61,45.185%
Boruch,122,25,20.492%
Boubacar,92,13,14.130%
Bowen,1664,10,0.601%
Bracha,282,41,14.539%
Bradley,9166,59,0.644%
Brady,10440,13,0.125%
Brandon,26869,311,1.157%
Brayan,2187,41,1.875%
Brayden,31567,52,0.165%
Breindy,67,15,22.388%
Brenda,1923,14,0.728%
Brendan,4373,41,0.938%
Bria,1912,11,0.575%
Brian,11206,217,1.936%
Briana,4073,35,0.859%
Brianna,17288,260,1.504%
Bridget,2451,23,0.938%
Brielle,10580,117,1.106%
Brigitte,379,11,2.902%
Brittany,2926,63,2.153%
Brody,18088,20,0.111%
Brooke,11461,98,0.855%
Brooklyn,27810,14,0.050%
Brooks,4484,12,0.268%
Bruce,2715,26,0.958%
Brucha,63,13,20.635%
Bruchy,87,28,32.184%
Bryan,12213,200,1.638%
Bryanna,1650,12,0.727%
Bryant,2109,25,1.185%
Bryce,13335,45,0.337%
Brynn,6083,10,0.164%
Bryson,15172,30,0.198%
Byron,1905,21,1.102%
Caden,10058,10,0.099%
Caiden,5138,36,0.701%
Cairo,566,12,2.120%
Caitlin,2820,22,0.780%
Caleb,38694,312,0.806%
Cali,4584,17,0.371%
Calvin,8053,34,0.422%
Camden,13227,11,0.083%
Cameron,30961,160,0.517%
Camila,20117,167,0.830%
Camilla,3004,37,1.232%
Camille,5272,36,0.683%
Camilo,865,11,1.272%
Camren,1160,11,0.948%
Carina,937,29,3.095%
Carla,1351,27,1.999%
Carlos,15257,169,1.108%
Carly,4306,10,0.232%
Carmelo,1785,27,1.513%
Carmen,3690,24,0.650%
Carolina,2932,10,0.341%
Caroline,15059,147,0.976%
Carson,19259,48,0.249%
Carter,39078,226,0.578%
Cassidy,5018,20,0.399%
Cataleya,2037,23,1.129%
Catalina,2736,13,0.475%
Catherine,7616,126,1.654%
Cayden,9721,65,0.669%
Cecelia,1980,11,0.556%
Cecilia,5830,68,1.166%
Celeste,2647,12,0.453%
Celia,1453,10,0.688%
Celine,1204,59,4.900%
Cesar,5680,52,0.915%
Chaim,1245,280,22.490%
Chance,6259,51,0.815%
Chanel,1518,11,0.725%
Chany,192,65,33.854%
Charles,28208,222,0.787%
Charlie,10927,76,0.696%
Charlotte,33230,123,0.370%
Chase,23005,242,1.052%
Chava,375,75,20.000%
Chavy,76,23,30.263%
Chaya,1607,369,22.962%
Chelsea,5142,135,2.625%
Cheskel,73,27,36.986%
Chesky,60,13,21.667%
Chiara,516,10,1.938%
Chloe,37872,434,1.146%
Chris,2411,74,3.069%
Christian,38146,434,1.138%
Christina,4370,58,1.327%
Christopher,45998,476,1.035%
Cindy,1544,44,2.850%
Claire,19476,158,0.811%
Clara,9742,66,0.677%
Claudia,1772,16,0.903%
Clementine,864,21,2.431%
Cole,14799,53,0.358%
Colette,1709,15,0.878%
Colin,12199,99,0.812%
Colton,24762,14,0.057%
Connie,314,10,3.185%
Connor,28705,87,0.303%
Conor,1845,17,0.921%
Cooper,20476,65,0.317%
Cora,9158,41,0.448%
Corey,3644,12,0.329%
Cormac,676,11,1.627%
Cristian,6562,80,1.219%
Cristopher,1137,11,0.967%
Crystal,3062,53,1.731%
Cynthia,2707,32,1.182%
Dahlia,2528,26,1.028%
Daisy,7063,23,0.326%
Dakota,8055,26,0.323%
Daleyza,1988,14,0.704%
Damian,14699,108,0.735%
Damien,6591,28,0.425%
Damon,2941,27,0.918%
Daniel,57629,288,0.500%
Daniela,6427,102,1.587%
Daniella,4294,93,2.166%
Danielle,5344,70,1.310%
Danna,2714,36,1.326%
Danny,3133,51,1.628%
Dante,4864,38,0.781%
Daphne,3102,47,1.515%
Dariel,885,57,6.441%
Darius,2809,12,0.427%
Darren,2499,52,2.081%
Darwin,1042,32,3.071%
Dashiell,469,10,2.132%
David,50139,796,1.588%
Dayana,2423,29,1.197%
Dean,5828,47,0.806%
Declan,11418,40,0.350%
Delilah,8743,95,1.087%
Denis,498,10,2.008%
Dennis,2552,12,0.470%
Denzel,739,14,1.894%
Dereck,598,11,1.839%
Derek,7994,171,2.139%
Derick,874,10,1.144%
Derrick,4020,10,0.249%
Desmond,3772,19,0.504%
Destiny,10316,101,0.979%
Devin,8521,91,1.068%
Devora,246,44,17.886%
Devorah,443,100,22.573%
Diana,5086,89,1.750%
Diego,13223,113,0.855%
Dilan,898,15,1.670%
Dina,665,64,9.624%
Dominic,24144,128,0.530%
Dominick,5054,54,1.068%
Donovan,5127,10,0.195%
Doris,380,10,2.632%
Dov,368,65,17.663%
Dovid,380,60,15.789%
Drew,5530,12,0.217%
Dulce,2221,16,0.720%
Duvid,64,26,40.625%
Dylan,42797,928,2.168%
Eason,511,70,13.699%
Eddie,1902,12,0.631%
Eden,9249,71,0.768%
Edgar,5169,21,0.406%
Edison,1363,29,2.128%
Edith,1552,12,0.773%
Eduardo,7047,41,0.582%
Edward,10512,186,1.769%
Edwin,5232,101,1.930%
Efraim,177,31,17.514%
Egypt,669,13,1.943%
Eileen,1443,47,3.257%
Eitan,341,29,8.504%
Elaine,1586,34,2.144%
Elan,599,12,2.003%
Eleanor,11158,123,1.102%
Elena,9183,142,1.546%
Eleni,583,10,1.715%
Eli,30712,338,1.101%
Eliam,267,10,3.745%
Elian,1129,40,3.543%
Eliana,9560,192,2.008%
Elias,13452,231,1.717%
Eliezer,795,52,6.541%
Elijah,55282,292,0.528%
Elimelech,130,34,26.154%
Elina,887,28,3.157%
Elisa,2666,25,0.938%
Elise,8034,11,0.137%
Elisheva,240,29,12.083%
Eliyahu,465,52,11.183%
Eliza,5865,53,0.904%
Elizabeth,38686,213,0.551%
Ella,35688,314,0.880%
Elle,3152,24,0.761%
Ellie,14655,64,0.437%
Elliot,7316,62,0.847%
Elliott,6420,24,0.374%
Ellis,2748,12,0.437%
Eloise,3564,70,1.964%
Elsa,2734,47,1.719%
Elvis,779,11,1.412%
Emaan,254,10,3.937%
Emani,943,12,1.273%
Emanuel,4459,44,0.987%
Emely,3140,60,1.911%
Emerson,9250,32,0.346%
Emilia,5730,126,2.199%
Emiliano,5044,11,0.218%
Emilio,4700,22,0.468%
Emily,53570,682,1.273%
Emma,81437,493,0.605%
Emmanuel,9980,218,2.184%
Emmeline,927,22,2.373%
Emmett,8638,28,0.324%
Enzo,2949,17,0.576%
Eric,13912,226,1.624%
Erica,2177,12,0.551%
Erick,5863,115,1.961%
Erik,4609,10,0.217%
Erika,1969,24,1.219%
Erin,4965,26,0.524%
Eshaal,170,12,7.059%
Esme,1130,14,1.239%
Esmeralda,3472,47,1.354%
Esteban,3067,13,0.424%
Ester,471,10,2.123%
Esther,5752,510,8.866%
Esty,121,51,42.149%
Ethan,66195,526,0.795%
Etty,111,38,34.234%
Eunice,568,10,1.761%
Eva,13897,203,1.461%
Evan,30692,369,1.202%
Evangeline,4441,22,0.495%
Eve,2356,38,1.613%
Evelyn,29950,268,0.895%
Everett,7830,36,0.460%
Everly,3187,14,0.439%
Evie,2054,12,0.584%
Ezekiel,8321,25,0.300%
Ezequiel,1916,11,0.574%
Ezra,10463,127,1.214%
Fabian,4496,10,0.222%
Faiga,210,50,23.810%
Faigy,428,71,16.589%
Faith,14311,100,0.699%
Fanta,120,12,10.000%
Farah,674,11,1.632%
Farhan,208,11,5.288%
Fatima,4232,135,3.190%
Fatou,112,10,8.929%
Fatoumata,349,91,26.074%
Felipe,1359,12,0.883%
Felix,4645,120,2.583%
Fernando,6018,63,1.047%
Filip,400,22,5.500%
Finn,5380,49,0.911%
Fiona,5983,161,2.691%
Fradel,88,24,27.273%
Fraidy,148,61,41.216%
Frances,1608,22,1.368%
Francesca,2688,78,2.902%
Francesco,519,27,5.202%
Francis,2153,26,1.208%
Francisco,6511,30,0.461%
Frank,4016,52,1.295%
Frederick,2070,28,1.353%
Freya,1181,10,0.847%
Frimet,67,25,37.313%
Gabriel,46107,507,1.100%
Gabriela,6293,111,1.764%
Gabriella,21817,212,0.972%
Gabrielle,9196,85,0.924%
Gael,7569,99,1.308%
Gary,1947,10,0.514%
Gavin,31287,206,0.658%
Gavriel,268,33,12.313%
Gemma,4144,35,0.845%
Genesis,16529,122,0.738%
Genevieve,5800,37,0.638%
George,10184,166,1.630%
Georgia,4687,49,1.045%
Gerard,726,10,1.377%
Gerardo,3176,11,0.346%
Gia,3803,67,1.762%
Giancarlo,1111,10,0.900%
Gianluca,582,13,2.234%
Gianna,14173,196,1.383%
Giovanna,1220,13,1.066%
Giovanni,12659,183,1.446%
Giovanny,1092,12,1.099%
Giselle,6877,58,0.843%
Gittel,150,13,8.667%
Gitty,428,142,33.178%
Giuliana,3929,58,1.476%
Giuseppe,418,10,2.392%
Golda,128,18,14.062%
Goldie,204,11,5.392%
Goldy,159,49,30.818%
Gordon,790,23,2.911%
Grace,29922,309,1.033%
Graham,7012,47,0.670%
Grant,10051,26,0.259%
Grayson,21322,85,0.399%
Gregory,4766,64,1.343%
Greyson,9850,36,0.365%
Griffin,6435,32,0.497%
Guadalupe,3374,29,0.860%
Gustavo,2519,14,0.556%
Hadassah,1416,13,0.918%
Hadley,10161,33,0.325%
Hafsa,414,12,2.899%
Hailey,21782,229,1.051%
Hailie,704,10,1.420%
Haley,6288,11,0.175%
Hamza,1443,35,2.426%
Hana,1308,54,4.128%
Hanley,192,10,5.208%
Hanna,3046,53,1.740%
Hannah,27608,270,0.978%
Harlow,2234,11,0.492%
Harmony,6347,33,0.520%
Harper,31189,89,0.285%
Harrison,9685,123,1.270%
Harry,1311,40,3.051%
Hassan,1056,10,0.947%
Hawa,312,33,10.577%
Hayden,20549,43,0.209%
Haylee,4082,20,0.490%
Hazel,8209,32,0.390%
Heaven,3998,72,1.801%
Hector,5198,43,0.827%
Heidi,3724,16,0.430%
Heidy,787,13,1.652%
Helen,3029,45,1.486%
Helena,2169,35,1.614%
Henchy,36,20,55.556%
Henny,132,44,33.333%
Henry,33515,463,1.381%
Hersh,103,15,14.563%
Hershel,160,41,25.625%
Hershy,138,51,36.957%
Hillel,111,23,20.721%
Hinda,115,20,17.391%
Hindy,245,75,30.612%
Hope,5617,11,0.196%
Hudson,17822,104,0.584%
Hugo,2596,22,0.847%
Hunter,34089,161,0.472%
Ian,22143,357,1.612%
Ibrahim,2401,118,4.915%
Ibrahima,151,29,19.205%
Idy,65,13,20.000%
Iker,5718,85,1.487%
Ilan,373,12,3.217%
Ilana,351,12,3.419%
Imani,2948,22,0.746%
Imran,595,10,1.681%
Inaaya,225,13,5.778%
Inaya,383,11,2.872%
Irene,1697,37,2.180%
Iris,4752,74,1.557%
Isaac,39575,231,0.584%
Isabel,9438,162,1.716%
Isabella,73532,365,0.496%
Isabelle,10944,104,0.950%
Isaiah,32033,258,0.805%
Isaias,1979,13,0.657%
Isiah,1102,11,0.998%
Isis,1811,11,0.607%
Isla,6621,59,0.891%
Ismael,3109,62,1.994%
Israel,6213,104,1.674%
Issac,2340,10,0.427%
Itzel,2968,39,1.314%
Ivan,12252,103,0.841%
Ivanna,1544,11,0.712%
Ivy,7311,34,0.465%
Izabella,7583,31,0.409%
Jace,21207,151,0.712%
Jack,33369,286,0.857%
Jackson,49604,153,0.308%
Jacob,74229,734,0.989%
Jacqueline,5500,70,1.273%
Jada,5797,49,0.845%
Jade,10561,113,1.070%
Jaden,12474,201,1.611%
Jadiel,1318,38,2.883%
Jael,1295,36,2.780%
Jahir,403,10,2.481%
Jaiden,8023,74,0.922%
Jair,913,10,1.095%
Jake,10370,146,1.408%
Jakub,404,11,2.723%
Jalen,2392,14,0.585%
Jaliyah,2559,23,0.899%
Jamal,1297,12,0.925%
Jamar,934,12,1.285%
Jamari,2385,10,0.419%
James,54543,737,1.351%
Jamie,3775,11,0.291%
Jana,923,26,2.817%
Janae,1329,11,0.828%
Jane,3710,52,1.402%
Janelle,3030,36,1.188%
Janice,744,12,1.613%
Jannat,288,11,3.819%
Januel,170,10,5.882%
Jared,4826,50,1.036%
Jariel,454,25,5.507%
Jasiah,1601,15,0.937%
Jasmina,107,21,19.626%
Jasmine,13095,192,1.466%
Jason,22589,386,1.709%
Jasper,5912,76,1.286%
Javier,7087,36,0.508%
Jax,5660,24,0.424%
Jaxon,26266,62,0.236%
Jaxson,15980,24,0.150%
Jay,3092,21,0.679%
Jayce,9128,104,1.139%
Jayceon,4088,67,1.639%
Jaycob,876,14,1.598%
Jayda,3441,13,0.378%
Jayden,63780,454,0.712%
Jayla,7358,105,1.427%
Jaylah,3506,39,1.112%
Jaylee,1839,12,0.653%
Jayleen,3127,25,0.799%
Jaylen,6227,44,0.707%
Jaylene,1585,18,1.136%
Jaylin,2409,29,1.204%
Jayson,3249,45,1.385%
Jazlyn,2932,42,1.432%
Jazmin,3569,59,1.653%
Jazmine,3563,13,0.365%
Jean,1020,36,3.529%
Jefferson,1567,30,1.914%
Jeffrey,5713,78,1.365%
Jenna,5989,57,0.952%
Jennifer,7416,104,1.402%
Jenny,1338,22,1.644%
Jeremiah,28766,420,1.460%
Jeremias,627,12,1.914%
Jeremy,10385,202,1.945%
Jerry,2618,33,1.261%
Jesse,10908,38,0.348%
Jessica,8676,123,1.418%
Jessie,3109,39,1.254%
Jesus,15146,131,0.865%
Jimena,2749,28,1.019%
Jimmy,2352,42,1.786%
Joanna,3892,64,1.644%
Joaquin,3907,45,1.152%
Jocelyn,12843,53,0.413%
Joel,11197,266,2.376%
Johan,2058,55,2.672%
Johanna,2322,14,0.603%
John,42945,520,1.211%
Johnny,5002,44,0.880%
Jonah,11647,107,0.919%
Jonas,2237,28,1.252%
Jonathan,36134,324,0.897%
Jordan,35382,265,0.749%
Jordyn,11190,59,0.527%
Jorge,7667,68,0.887%
Jose,23875,224,0.938%
Joselyn,2648,28,1.057%
Joseph,49648,333,0.671%
Josephine,7931,48,0.605%
Joshua,48935,346,0.707%
Josiah,23446,252,1.075%
Josue,5969,70,1.173%
Journee,2167,11,0.508%
Journey,4161,25,0.601%
Joy,2590,50,1.931%
Joyce,1251,46,3.677%
Juan,16741,134,0.800%
Judah,5488,39,0.711%
Jude,10397,23,0.221%
Judy,513,15,2.924%
Julia,15540,148,0.952%
Julian,30220,157,0.520%
Juliana,8481,84,0.990%
Julianna,6878,53,0.771%
Julie,3147,14,0.445%
Julien,1679,11,0.655%
Juliet,5134,63,1.227%
Juliette,4226,101,2.390%
Julio,2956,38,1.286%
Julissa,2875,34,1.183%
Julius,3869,88,2.274%
June,3297,26,0.789%
Junior,1118,24,2.147%
Juniper,1663,14,0.842%
Justice,4702,44,0.936%
Justin,21850,419,1.918%
Kabir,349,10,2.865%
Kaden,11390,70,0.615%
Kadiatou,72,23,31.944%
Kai,9193,146,1.588%
Kaiden,11762,177,1.505%
Kailey,2990,18,0.602%
Kaitlyn,9912,118,1.190%
Kaleb,11912,36,0.302%
Kali,3526,12,0.340%
Kamari,2329,24,1.030%
Kameron,5383,10,0.186%
Kamila,3237,43,1.328%
Karas,227,10,4.405%
Kareem,1275,30,2.353%
Karen,3366,56,1.664%
Karina,3325,39,1.173%
Karla,2927,23,0.786%
Karter,5544,52,0.938%
Kate,6775,67,0.989%
Katelyn,9311,60,0.644%
Katelynn,2719,12,0.441%
Katerina,688,10,1.453%
Katherine,15496,134,0.865%
Katie,5562,52,0.935%
Kayden,18473,198,1.072%
Kayla,14312,255,1.782%
Kaylee,21273,157,0.738%
Kayleen,907,32,3.528%
Kaylin,2740,39,1.423%
Keila,739,10,1.353%
Keira,6456,48,0.743%
Kelly,3831,55,1.436%
Kelsey,4615,29,0.628%
Kelvin,1712,17,0.993%
Kendra,4857,28,0.576%
Kendrick,3139,32,1.019%
Kennedy,15623,62,0.397%
Kenneth,8711,35,0.402%
Kenny,1185,30,2.532%
Kevin,24588,502,2.042%
Keyla,1327,15,1.130%
Khadija,536,10,1.866%
Khadijah,394,13,3.299%
Khalil,2441,13,0.533%
Khloe,16440,158,0.961%
Kiara,3855,98,2.542%
Kieran,2134,14,0.656%
Kimberly,13091,162,1.237%
Kimi,167,36,21.557%
Kimora,1493,26,1.741%
King,6667,165,2.475%
Kingsley,1176,44,3.741%
Kingston,8074,16,0.198%
Kira,3656,13,0.356%
Kourtney,1425,12,0.842%
Kristen,1615,10,0.619%
Kristian,1889,17,0.900%
Kyla,4149,21,0.506%
Kyle,11391,184,1.615%
Kylee,7740,23,0.297%
Kylie,16465,130,0.790%
Kyrie,2035,44,2.162%
Laila,8715,88,1.010%
Lailah,1609,10,0.622%
Laith,459,10,2.179%
Lana,2979,13,0.436%
Landon,36058,60,0.166%
Lara,1219,27,2.215%
Laura,4363,28,0.642%
Lauren,14203,101,0.711%
Lauryn,2355,10,0.425%
Lawrence,2408,45,1.869%
Layan,447,24,5.369%
Layla,25246,225,0.891%
Lazer,120,44,36.667%
Lea,1879,53,2.821%
Leah,23316,474,2.033%
Leandro,1103,25,2.267%
Leanna,1562,10,0.640%
Leela,853,10,1.172%
Leibish,35,12,34.286%
Leila,5525,118,2.136%
Leilani,5626,58,1.031%
Lena,3901,34,0.872%
Lenny,485,14,2.887%
Leo,12585,242,1.923%
Leon,3633,113,3.110%
Leona,1314,12,0.913%
Leonard,1392,11,0.790%
Leonardo,11668,190,1.628%
Leonidas,1343,11,0.819%
Leora,288,21,7.292%
Leslie,4809,83,1.726%
Lesly,1364,34,2.493%
Lev,364,32,8.791%
Levi,29360,105,0.358%
Leyla,1614,22,1.363%
Lia,3408,82,2.406%
Liam,66720,837,1.254%
Lian,515,10,1.942%
Liana,2215,27,1.219%
Liba,136,36,26.471%
Libby,1153,64,5.551%
Lila,7095,80,1.128%
Lilah,4160,11,0.264%
Lilian,2532,10,0.395%
Liliana,10503,89,0.847%
Lillian,27993,131,0.468%
Lilly,10786,12,0.111%
Lily,29845,161,0.539%
Lina,1326,38,2.866%
Lincoln,14113,25,0.177%
Linda,1841,20,1.086%
Lindsay,1686,15,0.890%
Lipa,173,78,45.087%
Lisa,1511,11,0.728%
Litzy,959,22,2.294%
Liv,1136,35,3.081%
Livia,1525,38,2.492%
Lizbeth,1772,25,1.411%
Logan,54082,446,0.825%
Lola,5547,51,0.919%
London,14845,121,0.815%
Londyn,7227,36,0.498%
Lorenzo,5248,47,0.896%
Louis,4250,90,2.118%
Louisa,935,26,2.781%
Louise,672,13,1.935%
Luca,7402,221,2.986%
Lucas,44700,534,1.195%
Lucia,5370,63,1.173%
Luciana,2286,29,1.269%
Lucien,647,28,4.328%
Lucille,3290,14,0.426%
Lucy,15702,109,0.694%
Luis,16940,98,0.579%
Luka,1685,45,2.671%
Lukas,6028,60,0.995%
Luke,37695,306,0.812%
Luna,6609,121,1.831%
Luz,1146,12,1.047%
Lydia,13096,23,0.176%
Lyla,9079,37,0.408%
Lyric,5463,29,0.531%
Mackenzie,15792,67,0.424%
Maddox,9785,10,0.102%
Madeleine,4355,76,1.745%
Madeline,13359,103,0.771%
Madelyn,15604,57,0.365%
Madison,44706,399,0.892%
Madisyn,2886,26,0.901%
Mae,1539,22,1.429%
Maeve,2329,54,2.319%
Magaly,462,11,2.381%
Maggie,5412,37,0.684%
Maia,1688,25,1.481%
Maisie,934,14,1.499%
Maison,978,12,1.227%
Maite,832,10,1.202%
Major,2537,26,1.025%
Makayla,14036,80,0.570%
Malachi,9337,87,0.932%
Malak,745,37,4.966%
Malaysia,2219,14,0.631%
Malcolm,2427,13,0.536%
Malia,3810,56,1.470%
Malik,3680,50,1.359%
Maliyah,3260,20,0.613%
Malka,633,156,24.645%
Malky,352,135,38.352%
Mamadou,235,31,13.191%
Mandy,388,11,2.835%
Manha,290,14,4.828%
Manuel,5849,25,0.427%
Marc,1638,29,1.770%
Marcel,1027,10,0.974%
Marcelo,1135,12,1.057%
Marco,4891,79,1.615%
Marcos,3412,28,0.821%
Marcus,10616,141,1.328%
Margaret,7174,58,0.808%
Margaux,325,12,3.692%
Margot,1060,35,3.302%
Maria,11809,145,1.228%
Mariah,10988,50,0.455%
Mariam,1874,129,6.884%
Mariama,246,36,14.634%
Mariana,4035,32,0.793%
Marielle,380,11,2.895%
Marilyn,2898,33,1.139%
Mario,5807,16,0.276%
Marjorie,910,30,3.297%
Mark,8992,126,1.401%
Marlon,1347,10,0.742%
Martin,5423,57,1.051%
Marvin,2264,20,0.883%
Mary,10520,28,0.266%
Maryam,1685,64,3.798%
Mason,73497,666,0.906%
Massimo,447,12,2.685%
Mateo,12328,144,1.168%
Mathew,2636,18,0.683%
Mathias,1548,30,1.938%
Matias,1919,52,2.710%
Matilda,1735,18,1.037%
Matteo,3086,66,2.139%
Matthew,54257,599,1.104%
Mauricio,2173,10,0.460%
Max,14671,204,1.390%
Maxim,1311,52,3.966%
Maximilian,2555,81,3.170%
Maximiliano,4020,14,0.348%
Maximo,979,10,1.021%
Maximus,7533,64,0.850%
Maxwell,13668,147,1.076%
Maya,15706,353,2.248%
Mayer,216,28,12.963%
Mayson,1368,11,0.804%
Md,87,11,12.644%
Megan,5764,46,0.798%
Meilech,55,25,45.455%
Meir,492,106,21.545%
Mekhi,2062,40,1.940%
Melanie,13902,225,1.618%
Melany,2669,65,2.435%
Melina,1906,34,1.784%
Melissa,6556,71,1.083%
Melody,7232,109,1.507%
Melvin,1544,11,0.712%
Menachem,713,72,10.098%
Menashe,68,12,17.647%
Mendel,253,76,30.040%
Mendy,111,28,25.225%
Menucha,95,13,13.684%
Messiah,3464,109,3.147%
Meyer,260,15,5.769%
Mia,50109,261,0.521%
Micah,15928,67,0.421%
Michael,63736,336,0.527%
Michaela,2888,13,0.450%
Michal,291,10,3.436%
Michelle,7734,142,1.836%
Miguel,11724,149,1.271%
Mikaela,2149,11,0.512%
Mikayla,5076,14,0.276%
Mike,935,11,1.176%
Mila,12152,129,1.062%
Milan,3285,122,3.714%
Milana,1233,38,3.082%
Miles,13710,156,1.138%
Miley,3066,13,0.424%
Milo,4054,20,0.493%
Mina,1502,25,1.664%
Mindy,408,24,5.882%
Mira,1671,13,0.778%
Miracle,2890,19,0.657%
Miranda,5680,56,0.986%
Mirel,95,33,34.737%
Miriam,4129,160,3.875%
Misael,1124,10,0.890%
Mohamed,2616,171,6.537%
Mohammad,1736,129,7.431%
Mohammed,1945,117,6.015%
Moises,2401,28,1.166%
Moishe,109,36,33.028%
Molly,12535,68,0.542%
Monica,2663,12,0.451%
Monserrat,1185,10,0.844%
Montserrat,1143,15,1.312%
Mordche,39,10,25.641%
Mordechai,741,92,12.416%
Morgan,14829,93,0.627%
Morris,382,11,2.880%
Moses,2148,31,1.443%
Moshe,1971,262,13.293%
Mouhamed,125,22,17.600%
Moussa,154,35,22.727%
Muhammad,2593,162,6.248%
Musa,650,21,3.231%
Mushka,58,24,41.379%
Mya,10441,75,0.718%
Myles,6442,42,0.652%
Nachman,89,11,12.360%
Nadia,4375,35,0.800%
Naftali,193,50,25.907%
Naftuli,84,29,34.524%
Nahla,1041,25,2.402%
Naomi,13703,254,1.854%
Nashla,119,19,15.966%
Nashley,96,10,10.417%
Nasir,1926,27,1.402%
Natalia,10788,73,0.677%
Natalie,31057,110,0.354%
Natasha,2098,15,0.715%
Nathalie,2016,44,2.183%
Nathaly,1361,35,2.572%
Nathan,39507,377,0.954%
Nathaniel,18514,335,1.809%
Nayeli,3248,30,0.924%
Nazir,456,10,2.193%
Nechama,402,29,7.214%
Neil,1537,13,0.846%
Nelson,1765,28,1.586%
Nevaeh,20403,111,0.544%
Neymar,1406,16,1.138%
Nia,2507,65,2.593%
Nicholas,30171,254,0.842%
Nico,2358,23,0.975%
Nicolas,8549,172,2.012%
Nicole,11165,288,2.579%
Nikita,772,11,1.425%
Nina,4330,101,2.333%
Noa,1288,49,3.804%
Noah,71804,462,0.643%
Noam,427,21,4.918%
Noel,3627,87,2.399%
Noelle,4296,13,0.303%
Noemi,1580,13,0.823%
Nolan,18564,78,0.420%
Noor,1045,13,1.244%
Nora,13334,123,0.922%
Norah,6430,15,0.233%
Nosson,176,11,6.250%
Nova,2721,11,0.404%
Nyah,727,10,1.376%
Nyla,4048,104,2.569%
Nylah,2821,92,3.261%
Olive,3859,38,0.985%
Oliver,27968,155,0.554%
Olivia,72692,393,0.541%
Omar,7474,136,1.820%
Omari,1406,13,0.925%
Ori,231,11,4.762%
Orion,2879,10,0.347%
Orlando,2090,10,0.478%
Oscar,9109,168,1.844%
Otto,1258,16,1.272%
Oumar,122,14,11.475%
Oumou,125,40,32.000%
Ousmane,90,13,14.444%
Owen,34922,249,0.713%
Pablo,3180,37,1.164%
Paige,10690,108,1.010%
Pamela,869,13,1.496%
Paris,4925,71,1.442%
Parker,26437,58,0.219%
Patrick,10909,75,0.688%
Paul,8025,67,0.835%
Paula,1280,10,0.781%
Payton,13293,17,0.128%
Pearl,1576,54,3.426%
Pedro,3890,36,0.925%
Penelope,13736,255,1.856%
Perel,130,19,14.615%
Perl,71,13,18.310%
Perry,804,13,1.617%
Pessy,170,29,17.059%
Peter,7437,82,1.103%
Peyton,26142,146,0.558%
Philip,2965,51,1.720%
Phoebe,4224,40,0.947%
Phoenix,5400,22,0.407%
Pinchas,118,26,22.034%
Pinchus,64,11,17.188%
Piper,12840,19,0.148%
Poppy,727,25,3.439%
Precious,632,10,1.582%
Preston,11372,79,0.695%
Prince,2519,101,4.010%
Princeton,1437,12,0.835%
Priscilla,2505,10,0.399%
Queena,93,11,11.828%
Queenie,164,12,7.317%
Quincy,2168,15,0.692%
Quinn,12838,70,0.545%
Rachel,9412,306,3.251%
Rafael,4902,97,1.979%
Raina,1251,12,0.959%
Raizel,203,30,14.778%
Raizy,364,149,40.934%
Randy,2715,48,1.768%
Raphael,1617,51,3.154%
Raquel,1712,10,0.584%
Raul,2994,22,0.735%
Rayan,1655,50,3.021%
Raymond,5696,112,1.966%
Rayyan,652,24,3.681%
Reagan,12483,15,0.120%
Rebecca,7657,129,1.685%
Reed,3848,11,0.286%
Reese,10627,18,0.169%
Rehan,269,24,8.922%
Reid,5239,15,0.286%
Reizy,15,10,66.667%
Rena,284,11,3.873%
Renee,1185,10,0.844%
Reuben,913,11,1.205%
Rhys,2384,10,0.419%
Ricardo,6075,19,0.313%
Richard,11814,117,0.990%
Ricky,2263,23,1.016%
Rifky,63,23,36.508%
Rihanna,1168,14,1.199%
Riley,30832,202,0.655%
Rivka,1073,220,20.503%
Rivky,287,112,39.024%
Riya,1041,14,1.345%
Robert,27159,260,0.957%
Roberto,4113,37,0.900%
Rocco,2735,26,0.951%
Rochel,380,70,18.421%
Rodrigo,2569,12,0.467%
Rohan,1692,35,2.069%
Roiza,40,10,25.000%
Roizy,71,13,18.310%
Roman,11378,81,0.712%
Romeo,3719,14,0.376%
Romy,246,10,4.065%
Ronan,2728,31,1.136%
Rory,3472,21,0.605%
Rosa,1836,10,0.545%
Rose,5433,142,2.614%
Rowan,7618,39,0.512%
Roy,1927,38,1.972%
Ruben,3704,11,0.297%
Ruby,12368,121,0.978%
Ruchel,46,10,21.739%
Ruchy,88,14,15.909%
Ruth,3843,21,0.546%
Ryan,43296,430,0.993%
Ryder,15809,41,0.259%
Sabina,401,11,2.743%
Sabrina,4538,114,2.512%
Sadie,14652,100,0.683%
Safa,349,11,3.152%
Sage,4070,10,0.246%
Saige,1539,11,0.715%
Salma,1297,10,0.771%
Salome,335,11,3.284%
Salvatore,942,47,4.989%
Sam,2086,68,3.260%
Samantha,26488,316,1.193%
Samara,1976,34,1.721%
Samir,1234,24,1.945%
Samira,879,10,1.138%
Samuel,44712,405,0.906%
Sanaa,945,28,2.963%
Sanai,709,29,4.090%
Saniyah,1511,11,0.728%
Santiago,12562,103,0.820%
Santino,1553,14,0.901%
Sara,8664,58,0.669%
Sarah,20046,484,2.414%
Sarai,2890,73,2.526%
Sariah,1717,25,1.456%
Sarina,711,11,1.547%
Sasha,2888,24,0.831%
Saul,2714,16,0.590%
Savannah,21269,191,0.898%
Savion,510,10,1.961%
Sawyer,14204,42,0.296%
Scarlet,3307,21,0.635%
Scarlett,18614,288,1.547%
Sean,10278,158,1.537%
Sebastian,30066,654,2.175%
Selena,3907,53,1.357%
Selina,925,41,4.432%
Serena,2829,50,1.767%
Serenity,16793,134,0.798%
Sergio,4728,33,0.698%
Seth,6977,10,0.143%
Shaina,310,37,11.935%
Shaindel,138,28,20.290%
Shaindy,332,58,17.470%
Shalom,438,24,5.479%
Shane,5845,47,0.804%
Shania,843,11,1.305%
Sharon,1277,33,2.584%
Shawn,4926,38,0.771%
Shaya,291,21,7.216%
Shayan,265,10,3.774%
Shayla,1839,11,0.598%
Shayna,570,12,2.105%
Shea,1231,13,1.056%
Sherlyn,1474,48,3.256%
Shia,505,69,13.663%
Shifra,164,17,10.366%
Shiloh,2513,10,0.398%
Shimon,650,95,14.615%
Shira,358,20,5.587%
Shirley,737,47,6.377%
Shloime,69,25,36.232%
Shloimy,74,26,35.135%
Shlome,94,38,40.426%
Shlomo,588,121,20.578%
Shmiel,121,37,30.579%
Shmuel,631,55,8.716%
Shneur,77,11,14.286%
Sholom,155,35,22.581%
Shoshana,412,32,7.767%
Shraga,81,20,24.691%
Shreya,729,10,1.372%
Shulem,211,35,16.588%
Siena,1739,29,1.668%
Sienna,5207,91,1.748%
Silas,10900,22,0.202%
Sima,183,26,14.208%
Simcha,238,53,22.269%
Simon,6015,105,1.746%
Simone,1696,42,2.476%
Sincere,1772,36,2.032%
Skye,3140,17,0.541%
Skyla,2290,51,2.227%
Skylah,588,34,5.782%
Skylar,15819,126,0.797%
Skyler,7886,42,0.533%
Sloane,2880,49,1.701%
Sofia,33845,446,1.318%
Solomon,2751,86,3.126%
Sophia,83803,232,0.277%
Sophie,16399,240,1.464%
Spencer,6694,44,0.657%
Stanley,1382,40,2.894%
Stella,15763,190,1.205%
Stephanie,7328,85,1.160%
Stephen,6011,12,0.200%
Steve,1124,12,1.068%
Steven,12080,267,2.210%
Summer,7085,91,1.284%
Sunny,990,10,1.010%
Suri,840,26,3.095%
Sury,213,27,12.676%
Sydney,13632,112,0.822%
Syed,564,43,7.624%
Syeda,213,27,12.676%
Sylvia,2325,33,1.419%
Sylvie,754,10,1.326%
Talia,3447,106,3.075%
Tamar,436,22,5.046%
Tamia,1101,14,1.272%
Tatiana,2410,12,0.498%
Taylor,21235,201,0.947%
Tenzin,518,106,20.463%
Tess,1018,11,1.081%
Tessa,5573,25,0.449%
Thea,904,11,1.217%
Theo,1430,26,1.818%
Theodore,9111,176,1.932%
Thiago,1785,75,4.202%
Thomas,27480,278,1.012%
Tiana,2620,23,0.878%
Tianna,903,13,1.440%
Tiffany,3187,90,2.824%
Timothy,12341,95,0.770%
Tina,648,13,2.006%
Toby,1867,46,2.464%
Tomas,1462,18,1.231%
Tony,2657,26,0.979%
Tori,1688,18,1.066%
Tova,194,15,7.732%
Trany,39,22,56.410%
Travis,6742,23,0.341%
Trinity,12630,62,0.491%
Tristan,17327,186,1.073%
Tyler,29599,361,1.220%
Tzipora,138,30,21.739%
Tziporah,121,12,9.917%
Tzvi,449,97,21.604%
Uriel,2340,18,0.769%
Usher,174,45,25.862%
Valentina,9249,329,3.557%
Valentino,1200,12,1.000%
Valeria,8387,72,0.858%
Valerie,7559,79,1.045%
Valery,852,27,3.169%
Vanessa,9184,89,0.969%
Vera,2785,12,0.431%
Veronica,3948,20,0.507%
Vicky,347,35,10.086%
Victor,11162,182,1.631%
Victoria,28897,505,1.748%
Vihaan,1497,17,1.136%
Vincent,15102,207,1.371%
Vincenzo,1165,11,0.944%
Violet,14254,155,1.087%
Violeta,843,12,1.423%
Vivian,9977,189,1.894%
Vivienne,4230,36,0.851%
Walter,3507,23,0.656%
Wendy,1528,31,2.029%
Wesley,11184,57,0.510%
Weston,9460,11,0.116%
Willa,1610,44,2.733%
William,67499,246,0.364%
Wilson,1690,39,2.308%
Winnie,431,11,2.552%
Winston,1608,37,2.301%
Winter,1674,16,0.956%
Wolf,150,24,16.000%
Wyatt,33276,75,0.225%
Wynter,958,25,2.610%
Xander,6949,12,0.173%
Xavier,20492,320,1.562%
Ximena,7210,45,0.624%
Yaakov,629,108,17.170%
Yadiel,798,35,4.386%
Yael,1315,31,2.357%
Yahir,2209,36,1.630%
Yahya,633,11,1.738%
Yakov,396,106,26.768%
Yamileth,1290,12,0.930%
Yandel,813,15,1.845%
Yanky,28,12,42.857%
Yaretzi,3830,57,1.488%
Yariel,427,22,5.152%
Yaseen,533,12,2.251%
Yasmin,1433,24,1.675%
Yasmina,177,11,6.215%
Yasmine,771,12,1.556%
Yassin,250,14,5.600%
Yechiel,247,68,27.530%
Yehoshua,294,48,16.327%
Yehuda,847,161,19.008%
Yehudis,281,45,16.014%
Yeshaya,111,11,9.910%
Yidel,46,10,21.739%
Yides,139,45,32.374%
Yisrael,220,14,6.364%
Yisroel,762,149,19.554%
Yitty,249,99,39.759%
Yitzchak,154,25,16.234%
Yitzchok,557,66,11.849%
Yocheved,252,56,22.222%
Yoel,436,28,6.422%
Yosef,1337,110,8.227%
Yossi,82,33,40.244%
Yousef,977,32,3.275%
Youssef,601,47,7.820%
Yusuf,1585,39,2.461%
Zachariah,2613,10,0.383%
Zachary,23923,301,1.258%
Zahir,558,14,2.509%
Zahra,1087,14,1.288%
Zaiden,3094,14,0.452%
Zain,1431,12,0.839%
Zainab,1027,48,4.674%
Zaire,1041,47,4.515%
Zalmen,65,12,18.462%
Zamir,511,10,1.957%
Zane,6626,10,0.151%
Zaniyah,1450,10,0.690%
Zara,2361,94,3.981%
Zariah,2433,11,0.452%
Zayan,344,18,5.233%
Zayden,7099,39,0.549%
Zelda,614,23,3.746%
Zendaya,625,13,2.080%
Zev,580,98,16.897%
Zion,7416,103,1.389%
Zissy,134,45,33.582%
Zoe,24579,256,1.042%
Zoey,28453,131,0.460%
Zoya,749,16,2.136%
Zuri,2037,37,1.816%
